order_id,score
KO2610504,0.1079
KO2610505,0.08101
KO2610506,0.09954
KO2610507,0.01374
KO2610508,0.01546
KO2610509,0.03995
KO2610510,0.06993
KO2610511,0.23549
KO2610512,0.04383
KO2610513,0.47494
KO2610514,0.15268
KO2610515,0.06146
KO2610516,0.03687
KO2610517,0.24758
KO2610518,0.06269
KO2610519,0.0546
KO2610520,0.05043
KO2610521,0.24973
KO2610522,0.07282
KO2610523,0.0479
KO2610524,0.15072
KO2610525,0.20414
KO2610526,0.27751
KO2610527,0.01072
KO2610528,0.05661
KO2610529,0.07368
KO2610530,0.11656
KO2610531,0.03917
KO2610532,0.026
KO2610533,0.03345
KO2610534,0.02108
KO2610535,0.02694
KO2610536,0.05096
KO2610537,0.05585
KO2610538,0.07085
KO2610539,0.27535
KO2610540,0.30316
KO2610541,0.10646
KO2610542,0.09281
KO2610543,0.10959
KO2610544,0.11533
KO2610545,0.13065
KO2610546,0.05307
KO2610547,0.08535
KO2610548,0.01915
KO2610549,0.12075
KO2610550,0.08989
KO2610551,0.09205
KO2610552,0.1094
KO2610553,0.02568
KO2610554,0.10111
KO2610555,0.32483
KO2610556,0.24598
KO2610557,0.30051
KO2610558,0.0724
KO2610559,0.04828
KO2610560,0.01562
KO2610561,0.11264
KO2610562,0.06223
KO2610563,0.00969
KO2610564,0.06176
KO2610565,0.19417
KO2610566,0.02379
KO2610567,0.06158
KO2610568,0.02732
KO2610569,0.17542
KO2610570,0.03497
KO2610571,0.07846
KO2610572,0.02447
KO2610573,0.29134
KO2610574,0.23438
KO2610575,0.29942
KO2610576,0.02329
KO2610577,0.11124
KO2610578,0.10435
KO2610579,0.05504
KO2610580,0.59707
KO2610581,0.16078
KO2610582,0.13422
KO2610583,0.09257
KO2610584,0.04002
KO2610585,0.08983
KO2610586,0.04666
KO2610587,0.17943
KO2610588,0.11742
KO2610589,0.04601
KO2610590,0.031
KO2610591,0.02116
KO2610592,0.07723
KO2610593,0.2541
KO2610594,0.08402
KO2610595,0.02359
KO2610596,0.31528
KO2610597,0.01152
KO2610598,0.29958
KO2610599,0.08458
KO2610600,0.07801
KO2610601,0.05458
KO2610602,0.04241
KO2610603,0.11285
KO2610604,0.06868
KO2610605,0.02977
KO2610606,0.11501
KO2610607,0.09993
KO2610608,0.03315
KO2610609,0.03383
KO2610610,0.20735
KO2610611,0.09248
KO2610612,0.34112
KO2610613,0.03137
KO2610614,0.10948
KO2610615,0.02761
KO2610616,0.14519
KO2610617,0.16225
KO2610618,0.06316
KO2610619,0.03623
KO2610620,0.11829
KO2610621,0.33952
KO2610622,0.09616
KO2610623,0.10338
KO2610624,0.03655
KO2610625,0.22384
KO2610626,0.09839
KO2610627,0.32869
KO2610628,0.28968
KO2610629,0.02609
KO2610630,0.07995
KO2610631,0.09483
KO2610632,0.37626
KO2610633,0.10173
KO2610634,0.2124
KO2610635,0.15686
KO2610636,0.00937
KO2610637,0.09813
KO2610638,0.07755
KO2610639,0.01147
KO2610640,0.14299
KO2610641,0.0423
KO2610642,0.0841
KO2610643,0.03554
KO2610644,0.06422
KO2610645,0.02773
KO2610646,0.04555
KO2610647,0.22792
KO2610648,0.10435
KO2610649,0.32712
KO2610650,0.2074
KO2610651,0.07529
KO2610652,0.0816
KO2610653,0.05608
KO2610654,0.14858
KO2610655,0.0156
KO2610656,0.25401
KO2610657,0.03342
KO2610658,0.19912
KO2610659,0.26715
KO2610660,0.01037
KO2610661,0.12003
KO2610662,0.094
KO2610663,0.07093
KO2610664,0.56829
KO2610665,0.24148
KO2610666,0.6905
KO2610667,0.16148
KO2610668,0.07972
KO2610669,0.07088
KO2610670,0.24107
KO2610671,0.07071
KO2610672,0.03867
KO2610673,0.12489
KO2610674,0.08883
KO2610675,0.04964
KO2610676,0.08749
KO2610677,0.03789
KO2610678,0.01228
KO2610679,0.41277
KO2610680,0.01416
KO2610681,0.02523
KO2610682,0.07518
KO2610683,0.0329
KO2610684,0.0385
KO2610685,0.15071
KO2610686,0.26353
KO2610687,0.03825
KO2610688,0.08495
KO2610689,0.16062
KO2610690,0.02924
KO2610691,0.1066
KO2610692,0.10229
KO2610693,0.0383
KO2610694,0.08061
KO2610695,0.63597
KO2610696,0.11532
KO2610697,0.11053
KO2610698,0.05284
KO2610699,0.03645
KO2610700,0.05048
KO2610701,0.03783
KO2610702,0.0922
KO2610703,0.14896
KO2610704,0.04594
KO2610705,0.81507
KO2610706,0.34763
KO2610707,0.06253
KO2610708,0.06412
KO2610709,0.07947
KO2610710,0.26255
KO2610711,0.13265
KO2610712,0.43432
KO2610713,0.09127
KO2610714,0.19169
KO2610715,0.03156
KO2610716,0.05458
KO2610717,0.02284
KO2610718,0.07159
KO2610719,0.03831
KO2610720,0.1124
KO2610721,0.1029
KO2610722,0.07776
KO2610723,0.27731
KO2610724,0.02218
KO2610725,0.0372
KO2610726,0.1011
KO2610727,0.07607
KO2610728,0.26009
KO2610729,0.07512
KO2610730,0.05564
KO2610731,0.10265
KO2610732,0.03539
KO2610733,0.05499
KO2610734,0.13438
KO2610735,0.1369
KO2610736,0.08835
KO2610737,0.04428
KO2610738,0.03614
KO2610739,0.10671
KO2610740,0.05361
KO2610741,0.05351
KO2610742,0.09348
KO2610743,0.10548
KO2610744,0.05049
KO2610745,0.08731
KO2610746,0.1796
KO2610747,0.02779
KO2610748,0.41763
KO2610749,0.09096
KO2610750,0.07328
KO2610751,0.06373
KO2610752,0.01998
KO2610753,0.08891
KO2610754,0.11955
KO2610755,0.5055
KO2610756,0.04177
KO2610757,0.18009
KO2610758,0.07269
KO2610759,0.11798
KO2610760,0.06052
KO2610761,0.15676
KO2610762,0.19319
KO2610763,0.06263
KO2610764,0.012
KO2610765,0.2259
KO2610766,0.12196
KO2610767,0.02878
KO2610768,0.02907
KO2610769,0.0529
KO2610770,0.04048
KO2610771,0.05855
KO2610772,0.51369
KO2610773,0.0128
KO2610774,0.13724
KO2610775,0.2747
KO2610776,0.0389
KO2610777,0.44253
KO2610778,0.10426
KO2610779,0.02566
KO2610780,0.01554
KO2610781,0.08131
KO2610782,0.30477
KO2610783,0.08687
KO2610784,0.0246
KO2610785,0.33015
KO2610786,0.03156
KO2610787,0.03097
KO2610788,0.0438
KO2610789,0.24737
KO2610790,0.65472
KO2610791,0.1481
KO2610792,0.02785
KO2610793,0.0902
KO2610794,0.04315
KO2610795,0.28953
KO2610796,0.07487
KO2610797,0.10496
KO2610798,0.02705
KO2610799,0.08461
KO2610800,0.17128
KO2610801,0.12433
KO2610802,0.04234
KO2610803,0.08258
KO2610804,0.05674
KO2610805,0.09789
KO2610806,0.12806
KO2610807,0.03542
KO2610808,0.05266
KO2610809,0.06092
KO2610810,0.1166
KO2610811,0.10806
KO2610812,0.23323
KO2610813,0.01803
KO2610814,0.81061
KO2610815,0.07192
KO2610816,0.01496
KO2610817,0.18977
KO2610818,0.42804
KO2610819,0.06703
KO2610820,0.08597
KO2610821,0.19757
KO2610822,0.03577
KO2610823,0.05231
KO2610824,0.01267
KO2610825,0.02481
KO2610826,0.05287
KO2610827,0.07904
KO2610828,0.0941
KO2610829,0.2387
KO2610830,0.11289
KO2610831,0.03766
KO2610832,0.06306
KO2610833,0.07714
KO2610834,0.06102
KO2610835,0.0684
KO2610836,0.05366
KO2610837,0.06472
KO2610838,0.14471
KO2610839,0.02157
KO2610840,0.04928
KO2610841,0.19729
KO2610842,0.10338
KO2610843,0.1395
KO2610844,0.07039
KO2610845,0.11233
KO2610846,0.16206
KO2610847,0.01997
KO2610848,0.01434
KO2610849,0.03624
KO2610850,0.02523
KO2610851,0.02954
KO2610852,0.0648
KO2610853,0.17264
KO2610854,0.29324
KO2610855,0.08648
KO2610856,0.06794
KO2610857,0.05132
KO2610858,0.69061
KO2610859,0.07731
KO2610860,0.70313
KO2610861,0.09217
KO2610862,0.0617
KO2610863,0.0794
KO2610864,0.07488
KO2610865,0.01069
KO2610866,0.06456
KO2610867,0.05972
KO2610868,0.20975
KO2610869,0.01561
KO2610870,0.04542
KO2610871,0.02257
KO2610872,0.02609
KO2610873,0.22615
KO2610874,0.26285
KO2610875,0.02838
KO2610876,0.20296
KO2610877,0.53128
KO2610878,0.04001
KO2610879,0.07719
KO2610880,0.05239
KO2610881,0.02021
KO2610882,0.04501
KO2610883,0.03959
KO2610884,0.02719
KO2610885,0.173
KO2610886,0.1404
KO2610887,0.09191
KO2610888,0.05375
KO2610889,0.06937
KO2610890,0.20648
KO2610891,0.09212
KO2610892,0.21523
KO2610893,0.03022
KO2610894,0.10658
KO2610895,0.35921
KO2610896,0.33981
KO2610897,0.16452
KO2610898,0.02312
KO2610899,0.37956
KO2610900,0.05323
KO2610901,0.03205
KO2610902,0.10819
KO2610903,0.01546
KO2610904,0.12436
KO2610905,0.08882
KO2610906,0.0318
KO2610907,0.30061
KO2610908,0.06709
KO2610909,0.20969
KO2610910,0.11344
KO2610911,0.11505
KO2610912,0.09894
KO2610913,0.0247
KO2610914,0.02368
KO2610915,0.04487
KO2610916,0.03745
KO2610917,0.06109
KO2610918,0.08616
KO2610919,0.13881
KO2610920,0.03836
KO2610921,0.08395
KO2610922,0.02281
KO2610923,0.06017
KO2610924,0.04826
KO2610925,0.01906
KO2610926,0.18549
KO2610927,0.1771
KO2610928,0.08226
KO2610929,0.01423
KO2610930,0.01016
KO2610931,0.24891
KO2610932,0.0215
KO2610933,0.03817
KO2610934,0.02124
KO2610935,0.012
KO2610936,0.03073
KO2610937,0.17692
KO2610938,0.0149
KO2610939,0.07257
KO2610940,0.19567
KO2610941,0.11717
KO2610942,0.02776
KO2610943,0.35861
KO2610944,0.51922
KO2610945,0.05492
KO2610946,0.04964
KO2610947,0.02299
KO2610948,0.28701
KO2610949,0.12501
KO2610950,0.01921
KO2610951,0.01326
KO2610952,0.13417
KO2610953,0.0427
KO2610954,0.20041
KO2610955,0.05135
KO2610956,0.20877
KO2610957,0.0154
KO2610958,0.09109
KO2610959,0.18745
KO2610960,0.35838
KO2610961,0.02661
KO2610962,0.09601
KO2610963,0.05142
KO2610964,0.07288
KO2610965,0.03621
KO2610966,0.08902
KO2610967,0.05931
KO2610968,0.14798
KO2610969,0.25758
KO2610970,0.61006
KO2610971,0.02253
KO2610972,0.07364
KO2610973,0.12435
KO2610974,0.01509
KO2610975,0.08363
KO2610976,0.05242
KO2610977,0.08649
KO2610978,0.82548
KO2610979,0.09858
KO2610980,0.02173
KO2610981,0.07758
KO2610982,0.02147
KO2610983,0.15667
KO2610984,0.01522
KO2610985,0.0288
KO2610986,0.03735
KO2610987,0.09422
KO2610988,0.01718
KO2610989,0.02214
KO2610990,0.09634
KO2610991,0.03498
KO2610992,0.01513
KO2610993,0.03658
KO2610994,0.17791
KO2610995,0.07967
KO2610996,0.04009
KO2610997,0.12649
KO2610998,0.14498
KO2610999,0.02235
KO2611000,0.10234
KO2611001,0.01045
KO2611002,0.023
KO2611003,0.23536
KO2611004,0.06375
KO2611005,0.03101
KO2611006,0.04832
KO2611007,0.01885
KO2611008,0.33297
KO2611009,0.05638
KO2611010,0.03095
KO2611011,0.03356
KO2611012,0.08845
KO2611013,0.19053
KO2611014,0.05472
KO2611015,0.06416
KO2611016,0.08681
KO2611017,0.03102
KO2611018,0.79862
KO2611019,0.17083
KO2611020,0.05172
KO2611021,0.05109
KO2611022,0.03485
KO2611023,0.17723
KO2611024,0.17697
KO2611025,0.08635
KO2611026,0.09916
KO2611027,0.01642
KO2611028,0.05018
KO2611029,0.13375
KO2611030,0.20358
KO2611031,0.02725
KO2611032,0.01432
KO2611033,0.40401
KO2611034,0.02544
KO2611035,0.0909
KO2611036,0.2274
KO2611037,0.10596
KO2611038,0.08631
KO2611039,0.03601
KO2611040,0.17637
KO2611041,0.18453
KO2611042,0.08758
KO2611043,0.12897
KO2611044,0.01718
KO2611045,0.04237
KO2611046,0.32098
KO2611047,0.05323
KO2611048,0.04535
KO2611049,0.01997
KO2611050,0.03312
KO2611051,0.067
KO2611052,0.07582
KO2611053,0.32967
KO2611054,0.14137
KO2611055,0.05324
KO2611056,0.10203
KO2611057,0.05645
KO2611058,0.24791
KO2611059,0.14823
KO2611060,0.0395
KO2611061,0.01932
KO2611062,0.05205
KO2611063,0.08986
KO2611064,0.06086
KO2611065,0.06375
KO2611066,0.19808
KO2611067,0.17512
KO2611068,0.27198
KO2611069,0.03529
KO2611070,0.29378
KO2611071,0.82426
KO2611072,0.52926
KO2611073,0.04129
KO2611074,0.0412
KO2611075,0.72567
KO2611076,0.03022
KO2611077,0.05258
KO2611078,0.29761
KO2611079,0.07533
KO2611080,0.01244
KO2611081,0.11763
KO2611082,0.0727
KO2611083,0.11444
KO2611084,0.11994
KO2611085,0.19555
KO2611086,0.09537
KO2611087,0.25024
KO2611088,0.05659
KO2611089,0.0815
KO2611090,0.04615
KO2611091,0.05025
KO2611092,0.10764
KO2611093,0.07205
KO2611094,0.09955
KO2611095,0.02011
KO2611096,0.0581
KO2611097,0.01765
KO2611098,0.02867
KO2611099,0.08062
KO2611100,0.04499
KO2611101,0.10467
KO2611102,0.05924
KO2611103,0.05543
KO2611104,0.01662
KO2611105,0.01615
KO2611106,0.29888
KO2611107,0.0287
KO2611108,0.13515
KO2611109,0.05224
KO2611110,0.10692
KO2611111,0.44986
KO2611112,0.04056
KO2611113,0.08981
KO2611114,0.0251
KO2611115,0.04629
KO2611116,0.1055
KO2611117,0.1089
KO2611118,0.10466
KO2611119,0.05633
KO2611120,0.06701
KO2611121,0.09594
KO2611122,0.17554
KO2611123,0.03276
KO2611124,0.06733
KO2611125,0.07671
KO2611126,0.26298
KO2611127,0.096
KO2611128,0.01866
KO2611129,0.01696
KO2611130,0.04304
KO2611131,0.04464
KO2611132,0.08158
KO2611133,0.13617
KO2611134,0.08437
KO2611135,0.02957
KO2611136,0.04391
KO2611137,0.0305
KO2611138,0.02608
KO2611139,0.21168
KO2611140,0.15851
KO2611141,0.10577
KO2611142,0.03745
KO2611143,0.49995
KO2611144,0.13245
KO2611145,0.15114
KO2611146,0.04119
KO2611147,0.08348
KO2611148,0.08919
KO2611149,0.04695
KO2611150,0.23351
KO2611151,0.34957
KO2611152,0.06942
KO2611153,0.08974
KO2611154,0.05274
KO2611155,0.03386
KO2611156,0.08987
KO2611157,0.01822
KO2611158,0.02702
KO2611159,0.10928
KO2611160,0.03949
KO2611161,0.03656
KO2611162,0.15089
KO2611163,0.08724
KO2611164,0.25055
KO2611165,0.04622
KO2611166,0.05629
KO2611167,0.02371
KO2611168,0.47367
KO2611169,0.10691
KO2611170,0.22355
KO2611171,0.01247
KO2611172,0.07764
KO2611173,0.01912
KO2611174,0.08765
KO2611175,0.16066
KO2611176,0.11772
KO2611177,0.14679
KO2611178,0.0981
KO2611179,0.0405
KO2611180,0.14995
KO2611181,0.08254
KO2611182,0.06844
KO2611183,0.01567
KO2611184,0.22667
KO2611185,0.13196
KO2611186,0.23152
KO2611187,0.58543
KO2611188,0.05557
KO2611189,0.0405
KO2611190,0.01711
KO2611191,0.0237
KO2611192,0.03591
KO2611193,0.15513
KO2611194,0.02705
KO2611195,0.01489
KO2611196,0.04989
KO2611197,0.05762
KO2611198,0.09809
KO2611199,0.36362
KO2611200,0.12546
KO2611201,0.18197
KO2611202,0.38503
KO2611203,0.10523
KO2611204,0.14026
KO2611205,0.06999
KO2611206,0.05359
KO2611207,0.1644
KO2611208,0.14034
KO2611209,0.07171
KO2611210,0.61142
KO2611211,0.11055
KO2611212,0.10731
KO2611213,0.54225
KO2611214,0.08928
KO2611215,0.02461
KO2611216,0.11766
KO2611217,0.30213
KO2611218,0.04405
KO2611219,0.03077
KO2611220,0.10733
KO2611221,0.01815
KO2611222,0.06679
KO2611223,0.9565
KO2611224,0.09805
KO2611225,0.30541
KO2611226,0.01965
KO2611227,0.02777
KO2611228,0.04591
KO2611229,0.04169
KO2611230,0.02731
KO2611231,0.03283
KO2611232,0.08842
KO2611233,0.08849
KO2611234,0.15008
KO2611235,0.09383
KO2611236,0.22375
KO2611237,0.0213
KO2611238,0.04356
KO2611239,0.13169
KO2611240,0.06072
KO2611241,0.06151
KO2611242,0.13765
KO2611243,0.17993
KO2611244,0.06979
KO2611245,0.05565
KO2611246,0.07032
KO2611247,0.27729
KO2611248,0.37474
KO2611249,0.01455
KO2611250,0.06418
KO2611251,0.21842
KO2611252,0.02522
KO2611253,0.17348
KO2611254,0.03047
KO2611255,0.07263
KO2611256,0.01482
KO2611257,0.08431
KO2611258,0.05404
KO2611259,0.15068
KO2611260,0.11515
KO2611261,0.2292
KO2611262,0.20478
KO2611263,0.06743
KO2611264,0.03315
KO2611265,0.18433
KO2611266,0.19689
KO2611267,0.26477
KO2611268,0.0409
KO2611269,0.07331
KO2611270,0.09862
KO2611271,0.01999
KO2611272,0.06721
KO2611273,0.02618
KO2611274,0.30479
KO2611275,0.02263
KO2611276,0.08719
KO2611277,0.51841
KO2611278,0.0252
KO2611279,0.04946
KO2611280,0.1662
KO2611281,0.07586
KO2611282,0.13988
KO2611283,0.10901
KO2611284,0.08782
KO2611285,0.16018
KO2611286,0.18484
KO2611287,0.089
KO2611288,0.04651
KO2611289,0.08125
KO2611290,0.0264
KO2611291,0.03687
KO2611292,0.28424
KO2611293,0.18388
KO2611294,0.06
KO2611295,0.34835
KO2611296,0.04072
KO2611297,0.16018
KO2611298,0.15597
KO2611299,0.0441
KO2611300,0.16451
KO2611301,0.02708
KO2611302,0.03158
KO2611303,0.05357
KO2611304,0.06247
KO2611305,0.03289
KO2611306,0.06265
KO2611307,0.47361
KO2611308,0.06485
KO2611309,0.13825
KO2611310,0.03364
KO2611311,0.10316
KO2611312,0.04088
KO2611313,0.04312
KO2611314,0.02626
KO2611315,0.16535
KO2611316,0.05855
KO2611317,0.13331
KO2611318,0.05565
KO2611319,0.09085
KO2611320,0.14535
KO2611321,0.07551
KO2611322,0.1513
KO2611323,0.02729
KO2611324,0.71823
KO2611325,0.03231
KO2611326,0.07409
KO2611327,0.25069
KO2611328,0.01854
KO2611329,0.24465
KO2611330,0.01353
KO2611331,0.19311
KO2611332,0.02384
KO2611333,0.35931
KO2611334,0.05187
KO2611335,0.03124
KO2611336,0.0885
KO2611337,0.02754
KO2611338,0.03419
KO2611339,0.05829
KO2611340,0.15595
KO2611341,0.04725
KO2611342,0.11077
KO2611343,0.03073
KO2611344,0.19962
KO2611345,0.04105
KO2611346,0.25332
KO2611347,0.03301
KO2611348,0.73075
KO2611349,0.25348
KO2611350,0.05891
KO2611351,0.03969
KO2611352,0.12371
KO2611353,0.01844
KO2611354,0.07995
KO2611355,0.07448
KO2611356,0.10664
KO2611357,0.17681
KO2611358,0.0187
KO2611359,0.06053
KO2611360,0.07234
KO2611361,0.06363
KO2611362,0.12513
KO2611363,0.04828
KO2611364,0.05294
KO2611365,0.08361
KO2611366,0.03955
KO2611367,0.42656
KO2611368,0.05731
KO2611369,0.01122
KO2611370,0.05558
KO2611371,0.06641
KO2611372,0.47036
KO2611373,0.01468
KO2611374,0.01434
KO2611375,0.13297
KO2611376,0.09571
KO2611377,0.04053
KO2611378,0.12641
KO2611379,0.19079
KO2611380,0.05715
KO2611381,0.06155
KO2611382,0.1658
KO2611383,0.02109
KO2611384,0.08241
KO2611385,0.03552
KO2611386,0.17729
KO2611387,0.1591
KO2611388,0.06826
KO2611389,0.2369
KO2611390,0.03272
KO2611391,0.05105
KO2611392,0.02576
KO2611393,0.06269
KO2611394,0.14297
KO2611395,0.02869
KO2611396,0.13334
KO2611397,0.09742
KO2611398,0.37269
KO2611399,0.25897
KO2611400,0.03688
KO2611401,0.06918
KO2611402,0.42012
KO2611403,0.10785
KO2611404,0.04521
KO2611405,0.01446
KO2611406,0.04636
KO2611407,0.03699
KO2611408,0.07187
KO2611409,0.04472
KO2611410,0.04199
KO2611411,0.04056
KO2611412,0.18691
KO2611413,0.06143
KO2611414,0.13929
KO2611415,0.08881
KO2611416,0.02845
KO2611417,0.05043
KO2611418,0.10945
KO2611419,0.06389
KO2611420,0.23375
KO2611421,0.0788
KO2611422,0.01828
KO2611423,0.04734
KO2611424,0.02523
KO2611425,0.06585
KO2611426,0.03639
KO2611427,0.0425
KO2611428,0.06814
KO2611429,0.05422
KO2611430,0.01562
KO2611431,0.07666
KO2611432,0.07135
KO2611433,0.49806
KO2611434,0.06841
KO2611435,0.12223
KO2611436,0.01837
KO2611437,0.02016
KO2611438,0.00985
KO2611439,0.2984
KO2611440,0.10426
KO2611441,0.03064
KO2611442,0.08018
KO2611443,0.01776
KO2611444,0.10295
KO2611445,0.1043
KO2611446,0.04435
KO2611447,0.1316
KO2611448,0.05439
KO2611449,0.01152
KO2611450,0.04416
KO2611451,0.13707
KO2611452,0.13157
KO2611453,0.38389
KO2611454,0.08206
KO2611455,0.13096
KO2611456,0.05015
KO2611457,0.04291
KO2611458,0.0447
KO2611459,0.06774
KO2611460,0.12058
KO2611461,0.0382
KO2611462,0.06158
KO2611463,0.01161
KO2611464,0.04861
KO2611465,0.02462
KO2611466,0.08461
KO2611467,0.09647
KO2611468,0.03612
KO2611469,0.07265
KO2611470,0.15168
KO2611471,0.31975
KO2611472,0.23548
KO2611473,0.17206
KO2611474,0.03203
KO2611475,0.03262
KO2611476,0.06727
KO2611477,0.02748
KO2611478,0.06045
KO2611479,0.04365
KO2611480,0.0451
KO2611481,0.03215
KO2611482,0.05404
KO2611483,0.05683
KO2611484,0.02954
KO2611485,0.07327
KO2611486,0.1386
KO2611487,0.04376
KO2611488,0.12907
KO2611489,0.13238
KO2611490,0.10683
KO2611491,0.15475
KO2611492,0.11195
KO2611493,0.03069
KO2611494,0.52229
KO2611495,0.07906
KO2611496,0.03345
KO2611497,0.08022
KO2611498,0.08624
KO2611499,0.21206
KO2611500,0.03986
KO2611501,0.01886
KO2611502,0.03964
KO2611503,0.19318
KO2611504,0.0464
KO2611505,0.18878
KO2611506,0.01672
KO2611507,0.10962
KO2611508,0.02645
KO2611509,0.09633
KO2611510,0.12078
KO2611511,0.21211
KO2611512,0.15678
KO2611513,0.07982
KO2611514,0.06766
KO2611515,0.06072
KO2611516,0.0199
KO2611517,0.04579
KO2611518,0.02812
KO2611519,0.06426
KO2611520,0.23411
KO2611521,0.01612
KO2611522,0.03435
KO2611523,0.16412
KO2611524,0.09143
KO2611525,0.03388
KO2611526,0.08616
KO2611527,0.02405
KO2611528,0.17564
KO2611529,0.02182
KO2611530,0.05269
KO2611531,0.10017
KO2611532,0.02042
KO2611533,0.02313
KO2611534,0.06818
KO2611535,0.15776
KO2611536,0.0803
KO2611537,0.04278
KO2611538,0.06931
KO2611539,0.06634
KO2611540,0.95396
KO2611541,0.03237
KO2611542,0.13629
KO2611543,0.08357
KO2611544,0.02987
KO2611545,0.0194
KO2611546,0.0447
KO2611547,0.01635
KO2611548,0.05395
KO2611549,0.1154
KO2611550,0.0357
KO2611551,0.03813
KO2611552,0.01222
KO2611553,0.02329
KO2611554,0.05778
KO2611555,0.08449
KO2611556,0.03724
KO2611557,0.27715
KO2611558,0.02543
KO2611559,0.84539
KO2611560,0.08222
KO2611561,0.3333
KO2611562,0.03274
KO2611563,0.44475
KO2611564,0.04749
KO2611565,0.04769
KO2611566,0.0147
KO2611567,0.32601
KO2611568,0.04593
KO2611569,0.10015
KO2611570,0.07061
KO2611571,0.02532
KO2611572,0.19772
KO2611573,0.05213
KO2611574,0.0652
KO2611575,0.03182
KO2611576,0.25955
KO2611577,0.07586
KO2611578,0.58956
KO2611579,0.03847
KO2611580,0.46561
KO2611581,0.04487
KO2611582,0.01509
KO2611583,0.09142
KO2611584,0.18011
KO2611585,0.15941
KO2611586,0.10466
KO2611587,0.05469
KO2611588,0.02766
KO2611589,0.53749
KO2611590,0.02378
KO2611591,0.11371
KO2611592,0.11609
KO2611593,0.63435
KO2611594,0.13601
KO2611595,0.04021
KO2611596,0.14867
KO2611597,0.03037
KO2611598,0.13484
KO2611599,0.08032
KO2611600,0.06845
KO2611601,0.11684
KO2611602,0.05071
KO2611603,0.02169
KO2611604,0.09862
KO2611605,0.02681
KO2611606,0.03768
KO2611607,0.13485
KO2611608,0.06948
KO2611609,0.21291
KO2611610,0.08408
KO2611611,0.16313
KO2611612,0.15004
KO2611613,0.21409
KO2611614,0.07288
KO2611615,0.16029
KO2611616,0.06086
KO2611617,0.07645
KO2611618,0.01571
KO2611619,0.03921
KO2611620,0.08016
KO2611621,0.01447
KO2611622,0.50745
KO2611623,0.01181
KO2611624,0.14067
KO2611625,0.04519
KO2611626,0.04388
KO2611627,0.04786
KO2611628,0.08354
KO2611629,0.02417
KO2611630,0.05554
KO2611631,0.03168
KO2611632,0.40035
KO2611633,0.03022
KO2611634,0.01644
KO2611635,0.04972
KO2611636,0.0712
KO2611637,0.2003
KO2611638,0.10308
KO2611639,0.0492
KO2611640,0.19998
KO2611641,0.03602
KO2611642,0.26978
KO2611643,0.73685
KO2611644,0.02215
KO2611645,0.48491
KO2611646,0.06025
KO2611647,0.05321
KO2611648,0.04169
KO2611649,0.29832
KO2611650,0.05375
KO2611651,0.14676
KO2611652,0.08139
KO2611653,0.39178
KO2611654,0.12156
KO2611655,0.16667
KO2611656,0.13531
KO2611657,0.03024
KO2611658,0.07015
KO2611659,0.05583
KO2611660,0.03416
KO2611661,0.01925
KO2611662,0.03758
KO2611663,0.15266
KO2611664,0.31669
KO2611665,0.24226
KO2611666,0.12029
KO2611667,0.01358
KO2611668,0.02818
KO2611669,0.07354
KO2611670,0.16996
KO2611671,0.08353
KO2611672,0.03577
KO2611673,0.04861
KO2611674,0.49814
KO2611675,0.22497
KO2611676,0.05848
KO2611677,0.31731
KO2611678,0.18053
KO2611679,0.06869
KO2611680,0.04694
KO2611681,0.20774
KO2611682,0.02989
KO2611683,0.72367
KO2611684,0.07995
KO2611685,0.0177
KO2611686,0.27605
KO2611687,0.05077
KO2611688,0.0765
KO2611689,0.10885
KO2611690,0.03726
KO2611691,0.16178
KO2611692,0.0401
KO2611693,0.04688
KO2611694,0.70072
KO2611695,0.10912
KO2611696,0.61183
KO2611697,0.1107
KO2611698,0.04732
KO2611699,0.07769
KO2611700,0.1539
KO2611701,0.02564
KO2611702,0.1465
KO2611703,0.09473
KO2611704,0.02117
KO2611705,0.0556
KO2611706,0.18627
KO2611707,0.03036
KO2611708,0.20403
KO2611709,0.0826
KO2611710,0.0847
KO2611711,0.11747
KO2611712,0.07563
KO2611713,0.01337
KO2611714,0.10298
KO2611715,0.01691
KO2611716,0.04544
KO2611717,0.15362
KO2611718,0.15678
KO2611719,0.02236
KO2611720,0.19384
KO2611721,0.08696
KO2611722,0.30901
KO2611723,0.02549
KO2611724,0.02316
KO2611725,0.0386
KO2611726,0.03695
KO2611727,0.05216
KO2611728,0.07211
KO2611729,0.03171
KO2611730,0.08397
KO2611731,0.14219
KO2611732,0.12938
KO2611733,0.11265
KO2611734,0.08963
KO2611735,0.04433
KO2611736,0.50833
KO2611737,0.07818
KO2611738,0.04563
KO2611739,0.02957
KO2611740,0.23913
KO2611741,0.12352
KO2611742,0.02074
KO2611743,0.07346
KO2611744,0.04825
KO2611745,0.05529
KO2611746,0.13184
KO2611747,0.09676
KO2611748,0.06027
KO2611749,0.15289
KO2611750,0.02295
KO2611751,0.04731
KO2611752,0.10799
KO2611753,0.06565
KO2611754,0.07028
KO2611755,0.02245
KO2611756,0.11811
KO2611757,0.04748
KO2611758,0.12801
KO2611759,0.03825
KO2611760,0.14073
KO2611761,0.32361
KO2611762,0.1055
KO2611763,0.04537
KO2611764,0.08832
KO2611765,0.25322
KO2611766,0.02845
KO2611767,0.09076
KO2611768,0.33567
KO2611769,0.08616
KO2611770,0.33628
KO2611771,0.02764
KO2611772,0.03792
KO2611773,0.034
KO2611774,0.12524
KO2611775,0.09295
KO2611776,0.08344
KO2611777,0.12954
KO2611778,0.03692
KO2611779,0.0869
KO2611780,0.02955
KO2611781,0.12788
KO2611782,0.05461
KO2611783,0.10634
KO2611784,0.43863
KO2611785,0.0559
KO2611786,0.0324
KO2611787,0.0183
KO2611788,0.03886
KO2611789,0.07035
KO2611790,0.30249
KO2611791,0.1172
KO2611792,0.03978
KO2611793,0.07746
KO2611794,0.30975
KO2611795,0.15769
KO2611796,0.09953
KO2611797,0.03936
KO2611798,0.13122
KO2611799,0.42427
KO2611800,0.19255
KO2611801,0.03102
KO2611802,0.116
KO2611803,0.08726
KO2611804,0.15976
KO2611805,0.06142
KO2611806,0.02034
KO2611807,0.04855
KO2611808,0.02161
KO2611809,0.11403
KO2611810,0.03015
KO2611811,0.1435
KO2611812,0.1401
KO2611813,0.02564
KO2611814,0.0147
KO2611815,0.08336
KO2611816,0.0661
KO2611817,0.05671
KO2611818,0.11633
KO2611819,0.27879
KO2611820,0.22994
KO2611821,0.03355
KO2611822,0.07525
KO2611823,0.01483
KO2611824,0.25073
KO2611825,0.19825
KO2611826,0.05304
KO2611827,0.05766
KO2611828,0.19116
KO2611829,0.09045
KO2611830,0.14207
KO2611831,0.08361
KO2611832,0.02182
KO2611833,0.13055
KO2611834,0.14636
KO2611835,0.01661
KO2611836,0.1515
KO2611837,0.09168
KO2611838,0.18263
KO2611839,0.45468
KO2611840,0.11048
KO2611841,0.1224
KO2611842,0.09107
KO2611843,0.09289
KO2611844,0.29961
KO2611845,0.05427
KO2611846,0.0143
KO2611847,0.08287
KO2611848,0.43262
KO2611849,0.13382
KO2611850,0.02788
KO2611851,0.06121
KO2611852,0.01915
KO2611853,0.03299
KO2611854,0.06925
KO2611855,0.16079
KO2611856,0.144
KO2611857,0.13003
KO2611858,0.07594
KO2611859,0.04332
KO2611860,0.09141
KO2611861,0.21549
KO2611862,0.07738
KO2611863,0.0454
KO2611864,0.03987
KO2611865,0.23203
KO2611866,0.09367
KO2611867,0.02637
KO2611868,0.02498
KO2611869,0.06221
KO2611870,0.01932
KO2611871,0.04727
KO2611872,0.03246
KO2611873,0.04734
KO2611874,0.01778
KO2611875,0.10669
KO2611876,0.17803
KO2611877,0.05025
KO2611878,0.01681
KO2611879,0.01082
KO2611880,0.02667
KO2611881,0.21155
KO2611882,0.46672
KO2611883,0.2123
KO2611884,0.04294
KO2611885,0.17274
KO2611886,0.06007
KO2611887,0.03498
KO2611888,0.04549
KO2611889,0.01972
KO2611890,0.29111
KO2611891,0.35086
KO2611892,0.11917
KO2611893,0.09285
KO2611894,0.10486
KO2611895,0.08977
KO2611896,0.04069
KO2611897,0.11497
KO2611898,0.02377
KO2611899,0.03163
KO2611900,0.0377
KO2611901,0.1467
KO2611902,0.18324
KO2611903,0.42464
KO2611904,0.17695
KO2611905,0.02686
KO2611906,0.16915
KO2611907,0.10129
KO2611908,0.1575
KO2611909,0.91987
KO2611910,0.05455
KO2611911,0.04524
KO2611912,0.02553
KO2611913,0.07561
KO2611914,0.49861
KO2611915,0.02797
KO2611916,0.06146
KO2611917,0.03245
KO2611918,0.02798
KO2611919,0.13453
KO2611920,0.08504
KO2611921,0.01792
KO2611922,0.11181
KO2611923,0.06744
KO2611924,0.38741
KO2611925,0.0413
KO2611926,0.41177
KO2611927,0.09754
KO2611928,0.06548
KO2611929,0.21612
KO2611930,0.03384
KO2611931,0.01882
KO2611932,0.11242
KO2611933,0.01975
KO2611934,0.04788
KO2611935,0.3004
KO2611936,0.12522
KO2611937,0.06485
KO2611938,0.1042
KO2611939,0.02282
KO2611940,0.09979
KO2611941,0.03808
KO2611942,0.19733
KO2611943,0.35627
KO2611944,0.27708
KO2611945,0.02726
KO2611946,0.04853
KO2611947,0.16205
KO2611948,0.10986
KO2611949,0.0894
KO2611950,0.10276
KO2611951,0.0215
KO2611952,0.05816
KO2611953,0.03193
KO2611954,0.01087
KO2611955,0.03616
KO2611956,0.03235
KO2611957,0.23567
KO2611958,0.02419
KO2611959,0.07515
KO2611960,0.02894
KO2611961,0.13203
KO2611962,0.03451
KO2611963,0.04861
KO2611964,0.06582
KO2611965,0.13909
KO2611966,0.17641
KO2611967,0.07247
KO2611968,0.64004
KO2611969,0.04557
KO2611970,0.30373
KO2611971,0.09851
KO2611972,0.18003
KO2611973,0.13545
KO2611974,0.17043
KO2611975,0.11947
KO2611976,0.28259
KO2611977,0.08329
KO2611978,0.01456
KO2611979,0.04235
KO2611980,0.14909
KO2611981,0.04336
KO2611982,0.20131
KO2611983,0.03017
KO2611984,0.2265
KO2611985,0.04401
KO2611986,0.13087
KO2611987,0.17613
KO2611988,0.09758
KO2611989,0.18278
KO2611990,0.07347
KO2611991,0.06277
KO2611992,0.66671
KO2611993,0.10292
KO2611994,0.13404
KO2611995,0.05307
KO2611996,0.09039
KO2611997,0.03025
KO2611998,0.12276
KO2611999,0.02686
KO2612000,0.06624
KO2612001,0.09981
KO2612002,0.08356
KO2612003,0.07414
KO2612004,0.53315
KO2612005,0.02711
KO2612006,0.03542
KO2612007,0.05159
KO2612008,0.43951
KO2612009,0.14176
KO2612010,0.03974
KO2612011,0.09124
KO2612012,0.03485
KO2612013,0.13856
KO2612014,0.2633
KO2612015,0.05403
KO2612016,0.11099
KO2612017,0.13367
KO2612018,0.17545
KO2612019,0.11752
KO2612020,0.16989
KO2612021,0.04682
KO2612022,0.06245
KO2612023,0.37807
KO2612024,0.38694
KO2612025,0.05339
KO2612026,0.20601
KO2612027,0.15309
KO2612028,0.80257
KO2612029,0.46965
KO2612030,0.03003
KO2612031,0.07704
KO2612032,0.28286
KO2612033,0.07037
KO2612034,0.01981
KO2612035,0.05138
KO2612036,0.0367
KO2612037,0.20822
KO2612038,0.25073
KO2612039,0.09748
KO2612040,0.1586
KO2612041,0.35998
KO2612042,0.03115
KO2612043,0.02566
KO2612044,0.18697
KO2612045,0.04367
KO2612046,0.06406
KO2612047,0.02504
KO2612048,0.12184
KO2612049,0.03806
KO2612050,0.12278
KO2612051,0.02546
KO2612052,0.20472
KO2612053,0.02847
KO2612054,0.02832
KO2612055,0.10497
KO2612056,0.06437
KO2612057,0.04298
KO2612058,0.11776
KO2612059,0.02834
KO2612060,0.03566
KO2612061,0.02705
KO2612062,0.228
KO2612063,0.01709
KO2612064,0.12395
KO2612065,0.13701
KO2612066,0.02142
KO2612067,0.04173
KO2612068,0.08381
KO2612069,0.06121
KO2612070,0.14462
KO2612071,0.31966
KO2612072,0.04594
KO2612073,0.26567
KO2612074,0.26051
KO2612075,0.13662
KO2612076,0.05832
KO2612077,0.04966
KO2612078,0.0396
KO2612079,0.0199
KO2612080,0.1516
KO2612081,0.05293
KO2612082,0.49762
KO2612083,0.44352
KO2612084,0.39745
KO2612085,0.04026
KO2612086,0.18653
KO2612087,0.12619
KO2612088,0.00978
KO2612089,0.03969
KO2612090,0.01337
KO2612091,0.02485
KO2612092,0.29893
KO2612093,0.08999
KO2612094,0.08964
KO2612095,0.14061
KO2612096,0.15776
KO2612097,0.22326
KO2612098,0.01719
KO2612099,0.03189
KO2612100,0.14939
KO2612101,0.03613
KO2612102,0.06622
KO2612103,0.04456
KO2612104,0.02097
KO2612105,0.02394
KO2612106,0.05099
KO2612107,0.01883
KO2612108,0.20122
KO2612109,0.15078
KO2612110,0.09802
KO2612111,0.01406
KO2612112,0.13513
KO2612113,0.09204
KO2612114,0.015
KO2612115,0.1224
KO2612116,0.11186
KO2612117,0.03633
KO2612118,0.0599
KO2612119,0.03184
KO2612120,0.0252
KO2612121,0.16758
KO2612122,0.71659
KO2612123,0.20944
KO2612124,0.02079
KO2612125,0.04056
KO2612126,0.21076
KO2612127,0.06119
KO2612128,0.03192
KO2612129,0.04154
KO2612130,0.21956
KO2612131,0.04695
KO2612132,0.01937
KO2612133,0.19212
KO2612134,0.05682
KO2612135,0.09898
KO2612136,0.1903
KO2612137,0.32185
KO2612138,0.07751
KO2612139,0.03987
KO2612140,0.04601
KO2612141,0.01388
KO2612142,0.03479
KO2612143,0.01223
KO2612144,0.30945
KO2612145,0.29182
KO2612146,0.05904
KO2612147,0.422
KO2612148,0.09895
KO2612149,0.04356
KO2612150,0.23772
KO2612151,0.04513
KO2612152,0.07511
KO2612153,0.35185
KO2612154,0.10778
KO2612155,0.97653
KO2612156,0.02235
KO2612157,0.01347
KO2612158,0.02176
KO2612159,0.10591
KO2612160,0.08966
KO2612161,0.084
KO2612162,0.0688
KO2612163,0.32518
KO2612164,0.08711
KO2612165,0.09534
KO2612166,0.63486
KO2612167,0.04006
KO2612168,0.04949
KO2612169,0.2829
KO2612170,0.05869
KO2612171,0.04996
KO2612172,0.06126
KO2612173,0.03423
KO2612174,0.08573
KO2612175,0.10672
KO2612176,0.13674
KO2612177,0.05408
KO2612178,0.04279
KO2612179,0.749
KO2612180,0.09098
KO2612181,0.10572
KO2612182,0.04606
KO2612183,0.5844
KO2612184,0.11318
KO2612185,0.07481
KO2612186,0.27551
KO2612187,0.27241
KO2612188,0.01613
KO2612189,0.07843
KO2612190,0.02189
KO2612191,0.03488
KO2612192,0.05488
KO2612193,0.04023
KO2612194,0.337
KO2612195,0.19303
KO2612196,0.05
KO2612197,0.07076
KO2612198,0.14659
KO2612199,0.03829
KO2612200,0.03614
KO2612201,0.13341
KO2612202,0.0466
KO2612203,0.0626
KO2612204,0.01254
KO2612205,0.05741
KO2612206,0.51803
KO2612207,0.20763
KO2612208,0.11806
KO2612209,0.01482
KO2612210,0.10688
KO2612211,0.12819
KO2612212,0.03274
KO2612213,0.07272
KO2612214,0.08646
KO2612215,0.07748
KO2612216,0.2061
KO2612217,0.11938
KO2612218,0.12332
KO2612219,0.04675
KO2612220,0.01495
KO2612221,0.02049
KO2612222,0.07214
KO2612223,0.09469
KO2612224,0.01947
KO2612225,0.05218
KO2612226,0.02482
KO2612227,0.16347
KO2612228,0.05734
KO2612229,0.04
KO2612230,0.06258
KO2612231,0.03139
KO2612232,0.08673
KO2612233,0.03354
KO2612234,0.03596
KO2612235,0.12498
KO2612236,0.04013
KO2612237,0.06526
KO2612238,0.04702
KO2612239,0.03482
KO2612240,0.79134
KO2612241,0.29909
KO2612242,0.06192
KO2612243,0.231
KO2612244,0.10691
KO2612245,0.0617
KO2612246,0.19568
KO2612247,0.08756
KO2612248,0.23438
KO2612249,0.06796
KO2612250,0.12748
KO2612251,0.0259
KO2612252,0.04751
KO2612253,0.16527
KO2612254,0.0295
KO2612255,0.029
KO2612256,0.04568
KO2612257,0.1591
KO2612258,0.01568
KO2612259,0.1289
KO2612260,0.41052
KO2612261,0.44074
KO2612262,0.06022
KO2612263,0.12821
KO2612264,0.04572
KO2612265,0.12591
KO2612266,0.1224
KO2612267,0.08271
KO2612268,0.5686
KO2612269,0.13235
KO2612270,0.05101
KO2612271,0.03195
KO2612272,0.26651
KO2612273,0.10904
KO2612274,0.04039
KO2612275,0.44598
KO2612276,0.12571
KO2612277,0.27882
KO2612278,0.22273
KO2612279,0.0759
KO2612280,0.15216
KO2612281,0.12409
KO2612282,0.05302
KO2612283,0.15543
KO2612284,0.20834
KO2612285,0.0434
KO2612286,0.10642
KO2612287,0.09062
KO2612288,0.16702
KO2612289,0.03428
KO2612290,0.02006
KO2612291,0.10529
KO2612292,0.0266
KO2612293,0.0454
KO2612294,0.03615
KO2612295,0.01612
KO2612296,0.12867
KO2612297,0.09347
KO2612298,0.06066
KO2612299,0.04313
KO2612300,0.03371
KO2612301,0.05517
KO2612302,0.0302
KO2612303,0.03125
KO2612304,0.18828
KO2612305,0.03458
KO2612306,0.10557
KO2612307,0.93637
KO2612308,0.26648
KO2612309,0.04727
KO2612310,0.01871
KO2612311,0.02339
KO2612312,0.0251
KO2612313,0.38617
KO2612314,0.21698
KO2612315,0.20842
KO2612316,0.03109
KO2612317,0.11781
KO2612318,0.28781
KO2612319,0.13804
KO2612320,0.01783
KO2612321,0.02619
KO2612322,0.02321
KO2612323,0.0189
KO2612324,0.1306
KO2612325,0.129
KO2612326,0.09962
KO2612327,0.13756
KO2612328,0.04896
KO2612329,0.09809
KO2612330,0.0354
KO2612331,0.07747
KO2612332,0.01553
KO2612333,0.1423
KO2612334,0.06955
KO2612335,0.21273
KO2612336,0.01731
KO2612337,0.0426
KO2612338,0.03602
KO2612339,0.21631
KO2612340,0.1328
KO2612341,0.04568
KO2612342,0.19398
KO2612343,0.01399
KO2612344,0.02886
KO2612345,0.10516
KO2612346,0.37816
KO2612347,0.23645
KO2612348,0.15551
KO2612349,0.06382
KO2612350,0.4271
KO2612351,0.13014
KO2612352,0.19596
KO2612353,0.03941
KO2612354,0.01992
KO2612355,0.05986
KO2612356,0.02695
KO2612357,0.57327
KO2612358,0.06662
KO2612359,0.05557
KO2612360,0.03182
KO2612361,0.11215
KO2612362,0.20165
KO2612363,0.02938
KO2612364,0.05523
KO2612365,0.12366
KO2612366,0.02731
KO2612367,0.04939
KO2612368,0.069
KO2612369,0.0138
KO2612370,0.03111
KO2612371,0.17049
KO2612372,0.04497
KO2612373,0.0288
KO2612374,0.01783
KO2612375,0.03161
KO2612376,0.06141
KO2612377,0.01973
KO2612378,0.18266
KO2612379,0.05961
KO2612380,0.4773
KO2612381,0.01655
KO2612382,0.30487
KO2612383,0.2382
KO2612384,0.08216
KO2612385,0.01828
KO2612386,0.11818
KO2612387,0.05677
KO2612388,0.05233
KO2612389,0.04314
KO2612390,0.1154
KO2612391,0.05926
KO2612392,0.05575
KO2612393,0.09569
KO2612394,0.01699
KO2612395,0.11092
KO2612396,0.04765
KO2612397,0.15561
KO2612398,0.10975
KO2612399,0.04018
KO2612400,0.12824
KO2612401,0.06978
KO2612402,0.0447
KO2612403,0.0479
KO2612404,0.27334
KO2612405,0.1853
KO2612406,0.11992
KO2612407,0.18171
KO2612408,0.10557
KO2612409,0.27087
KO2612410,0.09706
KO2612411,0.16679
KO2612412,0.05295
KO2612413,0.29826
KO2612414,0.09673
KO2612415,0.02658
KO2612416,0.0387
KO2612417,0.0604
KO2612418,0.08158
KO2612419,0.14202
KO2612420,0.04028
KO2612421,0.0204
KO2612422,0.14403
KO2612423,0.12407
KO2612424,0.01187
KO2612425,0.08009
KO2612426,0.04004
KO2612427,0.10044
KO2612428,0.20017
KO2612429,0.34562
KO2612430,0.01521
KO2612431,0.11525
KO2612432,0.16887
KO2612433,0.04154
KO2612434,0.08148
KO2612435,0.05833
KO2612436,0.06204
KO2612437,0.03167
KO2612438,0.05417
KO2612439,0.22337
KO2612440,0.03267
KO2612441,0.13807
KO2612442,0.14246
KO2612443,0.04613
KO2612444,0.01627
KO2612445,0.2157
KO2612446,0.0727
KO2612447,0.02949
KO2612448,0.03295
KO2612449,0.06317
KO2612450,0.21293
KO2612451,0.04273
KO2612452,0.14904
KO2612453,0.03373
KO2612454,0.17864
KO2612455,0.02282
KO2612456,0.09807
KO2612457,0.19264
KO2612458,0.68994
KO2612459,0.22843
KO2612460,0.0525
KO2612461,0.0465
KO2612462,0.11482
KO2612463,0.2798
KO2612464,0.03288
KO2612465,0.21922
KO2612466,0.33963
KO2612467,0.035
KO2612468,0.31132
KO2612469,0.13812
KO2612470,0.10205
KO2612471,0.01532
KO2612472,0.05744
KO2612473,0.02149
KO2612474,0.05446
KO2612475,0.01593
KO2612476,0.03182
KO2612477,0.08245
KO2612478,0.29024
KO2612479,0.26567
KO2612480,0.16792
KO2612481,0.10878
KO2612482,0.03258
KO2612483,0.12479
KO2612484,0.06283
KO2612485,0.12908
KO2612486,0.17506
KO2612487,0.04517
KO2612488,0.0517
KO2612489,0.09458
KO2612490,0.08904
KO2612491,0.15866
KO2612492,0.03534
KO2612493,0.15182
KO2612494,0.0125
KO2612495,0.07263
KO2612496,0.01324
KO2612497,0.01459
KO2612498,0.0467
KO2612499,0.06102
KO2612500,0.02964
KO2612501,0.03958
KO2612502,0.09374
KO2612503,0.04593
KO2612504,0.05551
KO2612505,0.15308
KO2612506,0.02707
KO2612507,0.01263
KO2612508,0.01364
KO2612509,0.01479
KO2612510,0.22231
KO2612511,0.0949
KO2612512,0.16323
KO2612513,0.12117
KO2612514,0.04839
KO2612515,0.02069
KO2612516,0.11907
KO2612517,0.04963
KO2612518,0.06097
KO2612519,0.0241
KO2612520,0.10086
KO2612521,0.01754
KO2612522,0.0298
KO2612523,0.41155
KO2612524,0.03415
KO2612525,0.07051
KO2612526,0.15667
KO2612527,0.01144
KO2612528,0.48884
KO2612529,0.00782
KO2612530,0.04338
KO2612531,0.35525
KO2612532,0.44913
KO2612533,0.01243
KO2612534,0.21262
KO2612535,0.10802
KO2612536,0.0514
KO2612537,0.09034
KO2612538,0.23302
KO2612539,0.13237
KO2612540,0.0169
KO2612541,0.06151
KO2612542,0.04672
KO2612543,0.20998
KO2612544,0.02871
KO2612545,0.0589
KO2612546,0.01944
KO2612547,0.49249
KO2612548,0.29709
KO2612549,0.18092
KO2612550,0.31733
KO2612551,0.07327
KO2612552,0.13878
KO2612553,0.05997
KO2612554,0.18115
KO2612555,0.04188
KO2612556,0.03551
KO2612557,0.2547
KO2612558,0.04983
KO2612559,0.05498
KO2612560,0.0484
KO2612561,0.09885
KO2612562,0.08193
KO2612563,0.06958
KO2612564,0.04863
KO2612565,0.02191
KO2612566,0.02823
KO2612567,0.07209
KO2612568,0.06906
KO2612569,0.07725
KO2612570,0.02718
KO2612571,0.21057
KO2612572,0.03694
KO2612573,0.0808
KO2612574,0.18008
KO2612575,0.09235
KO2612576,0.02293
KO2612577,0.15042
KO2612578,0.04561
KO2612579,0.03194
KO2612580,0.07754
KO2612581,0.01876
KO2612582,0.08467
KO2612583,0.02439
KO2612584,0.13516
KO2612585,0.14418
KO2612586,0.15402
KO2612587,0.14883
KO2612588,0.02988
KO2612589,0.01483
KO2612590,0.313
KO2612591,0.05119
KO2612592,0.13987
KO2612593,0.11596
KO2612594,0.03718
KO2612595,0.10741
KO2612596,0.14466
KO2612597,0.06263
KO2612598,0.19152
KO2612599,0.17097
