flag_top,score_cut,flagged_per_month,precision,recall,accuracy_if_flag_means_return,call_net_rs_month,hold_net_rs_month_best_case,hold_net_rs_month
2%,0.495,14,0.699,0.124,0.895,3319,1355,108
5%,0.354,35,0.543,0.241,0.891,6075,2623,-2244
10%,0.256,70,0.422,0.374,0.871,8749,4081,-7618
15%,0.197,105,0.348,0.462,0.841,9978,5041,-13615
20%,0.165,140,0.304,0.539,0.809,10852,5881,-20072
25%,0.139,175,0.275,0.608,0.774,11476,6635,-26621
30%,0.12,210,0.249,0.66,0.736,11555,7201,-33539
40%,0.092,280,0.209,0.741,0.654,10952,8076,-46467
50%,0.072,350,0.187,0.829,0.574,10605,9036,-59389
60%,0.056,420,0.168,0.892,0.488,9457,9722,-71276
